impression_id,user_id,news_id,rank,label,score,content_score,cf_score,popularity_score,category_score,subcategory_score
1,U80234,N42844,1,0,0.6299999952316284,1.0,0.0,0.0,0.800000011920929,0.6666666865348816
1,U80234,N34130,2,0,0.5987890958786011,0.9306424260139464,0.0,0.0,0.800000011920929,0.6666666865348816
1,U80234,N49285,3,0,0.5602817535400391,0.845070481300354,0.0,0.0,0.800000011920929,0.6666666865348816
1,U80234,N6916,4,0,0.5600293874740601,0.7556210160255432,0.0,0.9999998807907104,0.2000000029802322,0.0
1,U80234,N33176,5,0,0.502529501914978,0.5611767172813416,0.0,0.0,1.0,1.0
1,U80234,N24802,6,0,0.488747626543045,0.5305503010749817,0.0,0.0,1.0,1.0
1,U80234,N53572,7,0,0.4092172384262085,0.9093716740608216,0.0,0.0,0.0,0.0
1,U80234,N5940,8,0,0.3913631737232208,0.683837354183197,0.0,0.0681818127632141,0.2000000029802322,0.3333333432674408
1,U80234,N55237,9,0,0.3361758887767792,0.7026130557060242,0.0,0.0,0.2000000029802322,0.0
1,U80234,N11930,10,0,0.3262118995189667,0.619864821434021,0.0,0.1363636255264282,0.2000000029802322,0.0
1,U80234,N48740,11,0,0.3012170493602752,0.624926745891571,0.0,0.0,0.2000000029802322,0.0
1,U80234,N62365,12,0,0.2798160910606384,0.6218135356903076,0.0,0.0,0.0,0.0
1,U80234,N21679,13,0,0.227595642209053,0.5057681202888489,0.0,0.0,0.0,0.0
1,U80234,N29862,14,0,0.2180765271186828,0.4401700794696808,0.0,0.0,0.2000000029802322,0.0
1,U80234,N5472,15,0,0.1994945853948593,0.4433213174343109,0.0,0.0,0.0,0.0
1,U80234,N19990,16,0,0.1587707251310348,0.3083794116973877,0.0,0.0,0.2000000029802322,0.0
1,U80234,N50775,17,0,0.1559050232172012,0.1242333874106407,0.0,0.0,1.0,0.0
1,U80234,N28682,18,0,0.1394636332988739,0.3099192082881927,0.0,0.0,0.0,0.0
1,U80234,N31958,19,1,0.1335395574569702,0.2866535782814026,0.0,0.0227272696793079,0.0,0.0
1,U80234,N6400,20,0,0.0248623192310333,0.055249597877264,0.0,0.0,0.0,0.0
1,U80234,N58098,21,0,0.0101955980062484,0.0226568840444087,0.0,0.0,0.0,0.0
1,U80234,N51470,22,0,0.0,0.0,0.0,0.0,0.0,0.0
3,U44190,N31958,1,0,0.6545677185058594,0.8958646655082703,0.0,0.0071428567171096,1.0,1.0
3,U44190,N6916,2,0,0.5461905002593994,1.0,0.0,0.3142856955528259,0.3333333134651184,0.0
3,U44190,N47383,3,0,0.4627690613269806,0.8061534762382507,0.0,0.0,1.0,0.0
3,U44190,N30290,4,0,0.4182183742523193,0.4849297106266022,0.0,1.0,0.0,0.0
3,U44190,N62365,5,0,0.4175903797149658,0.9279786348342896,0.0,0.0,0.0,0.0
3,U44190,N5472,6,0,0.404973566532135,0.3443856835365295,0.0,0.0,1.0,1.0
3,U44190,N49285,7,0,0.3728166222572326,0.7544073462486267,0.0,0.0,0.3333333134651184,0.0
3,U44190,N37352,8,0,0.3716967105865478,0.751918613910675,0.0,0.0,0.3333333134651184,0.0
3,U44190,N36779,9,0,0.359701544046402,0.3929875791072845,0.0,0.1642857044935226,1.0,0.3333333134651184
3,U44190,N42844,10,0,0.3506612479686737,0.5940620303153992,0.0,0.0,0.3333333134651184,0.3333333134651184
3,U44190,N11930,11,0,0.3114926517009735,0.6731582880020142,0.0,0.042857140302658,0.0,0.0
3,U44190,N16680,12,0,0.2610001862049103,0.2466670721769333,0.0,0.0,1.0,0.3333333134651184
3,U44190,N20036,13,0,0.2485598176717758,0.4147890210151672,0.0,0.1428571343421936,0.3333333134651184,0.0
3,U44190,N5940,14,1,0.2403567880392074,0.4505283534526825,0.0,0.021428570151329,0.3333333134651184,0.0
3,U44190,N55036,15,0,0.2258253544569015,0.1685007810592651,0.0,0.0,1.0,0.3333333134651184
3,U44190,N55237,16,0,0.2092104405164718,0.464912086725235,0.0,0.0,0.0,0.0
3,U44190,N58098,17,0,0.2077516615390777,0.4616703689098358,0.0,0.0,0.0,0.0
3,U44190,N53572,18,0,0.1553056687116623,0.3451237082481384,0.0,0.0,0.0,0.0
3,U44190,N50775,19,0,0.1000000014901161,0.0,0.0,0.0,1.0,0.0
3,U44190,N13408,20,0,0.0969443619251251,0.2154319137334823,0.0,0.0,0.0,0.0
3,U44190,N19990,21,0,0.0937938243150711,0.1343566477298736,0.0,0.0,0.3333333134651184,0.0
3,U44190,N53283,22,0,0.0774245858192443,0.1720546334981918,0.0,0.0,0.0,0.0
4,U87380,N52492,1,0,0.6113742589950562,0.8030538558959961,0.0,0.0,1.0,1.0
4,U87380,N24802,2,0,0.5551415085792542,0.6780922412872314,0.0,0.0,1.0,1.0
4,U87380,N11930,3,0,0.5403726696968079,1.0,0.0,0.1304347813129425,0.1428571343421936,0.3333333134651184
4,U87380,N21941,4,0,0.523101806640625,0.606893002986908,0.0,0.0,1.0,1.0
4,U87380,N29091,5,0,0.5069490671157837,0.570997953414917,0.0,0.0,1.0,1.0
4,U87380,N6916,6,0,0.4480412602424621,0.5705264806747437,0.0,0.9565216898918152,0.0,0.0
4,U87380,N34130,7,0,0.4461398422718048,0.8168187141418457,0.0,0.0,0.2857142686843872,0.3333333134651184
4,U87380,N15347,8,1,0.4418757855892181,0.88670814037323,0.0,0.0,0.4285714328289032,0.0
4,U87380,N1952,9,0,0.4208942949771881,0.3956381976604461,0.0,0.9999999403953552,0.4285714328289032,0.0
4,U87380,N45057,10,0,0.3341648280620575,0.1870329529047012,0.0,0.0,1.0,1.0
4,U87380,N62365,11,0,0.3014218509197235,0.669826328754425,0.0,0.0,0.0,0.0
4,U87380,N6074,12,0,0.26575568318367,0.571244478225708,0.0,0.0434782579541206,0.0,0.0
4,U87380,N49285,13,0,0.2612873613834381,0.4060353934764862,0.0,0.0,0.2857142686843872,0.3333333134651184
4,U87380,N53572,14,0,0.2300093173980713,0.5111318230628967,0.0,0.0,0.0,0.0
4,U87380,N48740,15,0,0.2066796869039535,0.4592882096767425,0.0,0.0,0.0,0.0
4,U87380,N19990,16,0,0.1888024508953094,0.4195610284805298,0.0,0.0,0.0,0.0
4,U87380,N60675,17,0,0.1816570907831192,0.4036824405193329,0.0,0.0,0.0,0.0
4,U87380,N6400,18,0,0.1763704419136047,0.2966962456703186,0.0,0.0,0.4285714328289032,0.0
4,U87380,N51470,19,0,0.1465925276279449,0.3257611691951751,0.0,0.0,0.0,0.0
4,U87380,N38620,20,0,0.140628695487976,0.3028463721275329,0.0,0.0217391289770603,0.0,0.0
4,U87380,N19611,21,0,0.1196911185979843,0.2659802734851837,0.0,0.0,0.0,0.0
4,U87380,N60762,22,0,0.1000000014901161,0.0,0.0,0.0,1.0,0.0
4,U87380,N29862,23,0,0.0729923546314239,0.16220523416996,0.0,0.0,0.0,0.0
4,U87380,N6950,24,0,0.0609575100243091,0.1354611366987228,0.0,0.0,0.0,0.0
4,U87380,N60215,25,0,0.041003156453371,0.0911181271076202,0.0,0.0,0.0,0.0
4,U87380,N4733,26,0,0.0063876020722091,0.0141946719959378,0.0,0.0,0.0,0.0
5,U9444,N34130,1,0,0.6499999761581421,1.0,0.0,0.0,0.5,1.0
5,U9444,N49285,2,0,0.5943069458007812,0.8762375712394714,0.0,0.0,0.5,1.0
5,U9444,N31958,3,1,0.578416109085083,0.7266389727592468,0.0,0.0071428567171096,1.0,1.0
5,U9444,N30290,4,0,0.5479924082756042,0.7733164429664612,0.0,1.0,0.0,0.0
5,U9444,N29393,5,0,0.3146352767944336,0.5880783796310425,0.0,0.0,0.5,0.0
5,U9444,N62365,6,0,0.2992073595523834,0.6649052500724792,0.0,0.0,0.0,0.0
5,U9444,N36779,7,0,0.2170856297016143,0.40939661860466,0.0,0.1642857044935226,0.0,0.0
5,U9444,N5940,8,1,0.149672046303749,0.3230807483196258,0.0,0.021428570151329,0.0,0.0
5,U9444,N20036,9,0,0.1163844093680381,0.1951399594545364,0.0,0.1428571343421936,0.0,0.0
5,U9444,N19990,10,0,0.1040642634034156,0.2312539219856262,0.0,0.0,0.0,0.0
5,U9444,N19611,11,0,0.0950856357812881,0.2113014161586761,0.0,0.0,0.0,0.0
5,U9444,N51470,12,0,0.0257688350975513,0.0572640784084796,0.0,0.0,0.0,0.0
5,U9444,N23355,13,0,0.0,0.0,0.0,0.0,0.0,0.0
6,U69606,N29091,1,0,0.603656530380249,0.7859034538269043,0.0,0.0,1.0,1.0
6,U69606,N24802,2,1,0.550000011920929,1.0,0.0,0.0,1.0,0.0
6,U69606,N53572,3,0,0.4225298762321472,0.938955307006836,0.0,0.0,0.0,0.0
6,U69606,N11390,4,0,0.4124088287353515,0.6942418813705444,0.0,0.0,1.0,0.0
6,U69606,N55237,5,0,0.3893557488918304,0.8652350306510925,0.0,0.0,0.0,0.0
6,U69606,N5472,6,0,0.329271912574768,0.5094931721687317,0.0,0.0,1.0,0.0
6,U69606,N19611,7,0,0.3018949031829834,0.5597664713859558,0.0,0.0,0.5,0.0
6,U69606,N31958,8,1,0.2999991476535797,0.0,0.0,0.9999956488609314,1.0,0.0
6,U69606,N29862,9,0,0.2916419208049774,0.6480931639671326,0.0,0.0,0.0,0.0
6,U69606,N6400,10,0,0.2723146080970764,0.3829213380813598,0.0,0.0,1.0,0.0
6,U69606,N48740,11,0,0.0390610061585903,0.0868022367358207,0.0,0.0,0.0,0.0
7,U70421,N30290,1,0,0.75,1.0,0.0,1.0,1.0,0.0
7,U70421,N20036,2,0,0.3900634944438934,0.6922045946121216,0.0,0.1428571343421936,0.5,0.0
7,U70421,N36779,3,0,0.2828571498394012,0.0,0.0,0.1642857044935226,1.0,1.0
7,U70421,N5940,4,0,0.240103393793106,0.4129282236099243,0.0,0.021428570151329,0.5,0.0
7,U70421,N42767,5,1,0.1551815718412399,0.3321495354175567,0.0,0.0285714268684387,0.0,0.0
7,U70421,N32536,6,0,0.0566440820693969,0.1258757412433624,0.0,0.0,0.0,0.0
7,U70421,N31958,7,0,0.0100818155333399,0.019229432567954,0.0,0.0071428567171096,0.0,0.0
8,U38418,N20477,1,1,0.6801341772079468,1.0,0.0,0.0006711409660056,0.7999999523162842,1.0
8,U38418,N56211,2,0,0.5213034749031067,0.7548727989196777,0.0,0.4080536961555481,1.0,0.0
8,U38418,N38779,3,0,0.4656220376491546,0.3680489957332611,0.0,1.0,1.0,0.0
8,U38418,N7330,4,0,0.4130089581012726,0.6122421622276306,0.0,0.0,1.0,0.25
8,U38418,N5051,5,0,0.4078394770622253,0.5174211263656616,0.0,0.0,1.0,0.5
8,U38418,N33397,6,0,0.3942793011665344,0.4869890213012695,0.0,0.0006711409660056,1.0,0.5
8,U38418,N49712,7,0,0.3820604979991913,0.4755707383155823,0.0,0.340268462896347,1.0,0.0
8,U38418,N16120,8,0,0.3733490109443664,0.4291424453258514,0.0,0.0261744949966669,1.0,0.5
8,U38418,N45612,9,0,0.369705468416214,0.5148190259933472,0.0,0.0026845638640224,1.0,0.25
8,U38418,N45523,10,0,0.3639667928218841,0.5036696791648865,0.0,0.6865772008895874,0.0,0.0
8,U38418,N13347,11,0,0.3622085154056549,0.4993523061275482,0.0,0.0,1.0,0.25
8,U38418,N29363,12,0,0.3465712070465088,0.5371977686882019,0.0,0.024161072447896,1.0,0.0
8,U38418,N17228,13,0,0.3421468734741211,0.4538760185241699,0.0,0.0020134227816015,1.0,0.25
8,U38418,N57818,14,1,0.337787389755249,0.5475066304206848,0.0,0.0570469796657562,0.7999999523162842,0.0
8,U38418,N46917,15,0,0.3245517611503601,0.4438212215900421,0.0,0.1241610795259475,1.0,0.0
8,U38418,N31289,16,0,0.2981694936752319,0.3373565673828125,0.0,0.0442952997982502,1.0,0.25
8,U38418,N12769,17,0,0.2937917411327362,0.3455252945423126,0.0,0.004026845563203,1.0,0.25
8,U38418,N53687,18,0,0.2889977991580963,0.3360652327537536,0.0,0.0013422819320112,1.0,0.25
8,U38418,N27742,19,0,0.2759140133857727,0.3909200429916382,0.0,0.0,1.0,0.0
8,U38418,N30963,20,0,0.2751370668411255,0.3868072032928467,0.0,0.0053691277280449,1.0,0.0
8,U38418,N12330,21,0,0.2713026106357574,0.2913734316825866,0.0,0.0134228188544511,1.0,0.25
8,U38418,N49038,22,0,0.2651927769184112,0.3670950531959533,0.0,0.0,1.0,0.0
8,U38418,N48084,23,0,0.2547822892665863,0.3436623811721802,0.0,0.0006711409660056,1.0,0.0
8,U38418,N24275,24,0,0.2530402839183807,0.2567562162876129,0.0,0.0,1.0,0.25
8,U38418,N42515,25,0,0.2401960492134094,0.2486086934804916,0.0,0.1416107416152954,1.0,0.0
8,U38418,N50670,26,0,0.2299260199069976,0.2053911685943603,0.0,0.0,1.0,0.25
8,U38418,N37458,27,0,0.2249360084533691,0.188336580991745,0.0,0.0134228188544511,1.0,0.25
8,U38418,N19685,28,0,0.2139238119125366,0.1689358204603195,0.0,0.0020134227816015,1.0,0.25
8,U38418,N54197,29,0,0.2129639685153961,0.2510310411453247,0.0,0.0,1.0,0.0
8,U38418,N6388,30,0,0.211740955710411,0.2366801351308822,0.0,0.0261744949966669,1.0,0.0
8,U38418,N8455,31,0,0.2055713534355163,0.2346030324697494,0.0,0.0,1.0,0.0
8,U38418,N53754,32,0,0.1914441734552383,0.2026126980781555,0.0,0.0013422819320112,1.0,0.0
8,U38418,N2307,33,0,0.1746552586555481,0.3872279524803161,0.0,0.0020134227816015,0.0,0.0
8,U38418,N58081,34,0,0.1494622528553009,0.1087229773402214,0.0,0.0026845638640224,1.0,0.0
8,U38418,N60472,35,0,0.1440898329019546,0.0979774072766304,0.0,0.0,1.0,0.0
8,U38418,N37055,36,0,0.1375000029802322,0.0,0.0,0.0,1.0,0.25
8,U38418,N28716,37,0,0.1287840157747268,0.2861867249011993,0.0,0.0,0.0,0.0
8,U38418,N31503,38,0,0.1223761290311813,0.270455539226532,0.0,0.0033557047136127,0.0,0.0
8,U38418,N5940,39,0,0.1168932318687439,0.2588678896427154,0.0,0.0020134227816015,0.0,0.0
8,U38418,N63421,40,0,0.0762303695082664,0.1688042432069778,0.0,0.0013422819320112,0.0,0.0
9,U9568,N33397,1,0,0.4999999403953552,1.0,0.0,0.2499997317790985,0.0,0.0
9,U9568,N45612,2,0,0.3827539086341858,0.406120240688324,0.0,0.999998927116394,0.0,0.0
9,U9568,N19685,3,0,0.1499998420476913,0.0,0.0,0.7499992251396179,0.0,0.0
9,U9568,N60939,4,1,0.0378910303115844,0.0842022895812988,0.0,0.0,0.0,0.0
10,U77860,N24802,1,1,0.6354961395263672,0.8566581010818481,0.0,0.0,1.0,1.0
10,U77860,N45057,2,0,0.6008784770965576,0.7797299027442932,0.0,0.0,1.0,1.0
10,U77860,N60762,3,0,0.6000000238418579,1.0,0.0,0.0,1.0,0.3333333134651184
10,U77860,N6074,4,0,0.5941832661628723,0.727815568447113,0.0,0.999997854232788,0.1666666567325592,0.3333333134651184
10,U77860,N20764,5,0,0.4262045323848724,0.7248989939689636,0.0,0.0,1.0,0.0
10,U77860,N28640,6,1,0.4238340854644775,0.4974091053009033,0.0,0.0,1.0,0.6666666269302368
10,U77860,N12409,7,0,0.3253624439239502,0.7230276465415955,0.0,0.0,0.0,0.0
10,U77860,N52492,8,0,0.3006481826305389,0.4458848834037781,0.0,0.0,1.0,0.0
10,U77860,N48740,9,0,0.2629167139530182,0.5842593908309937,0.0,0.0,0.0,0.0
10,U77860,N29862,10,0,0.2509606480598449,0.5576903223991394,0.0,0.0,0.0,0.0
10,U77860,N25673,11,0,0.2507347464561462,0.5201513171195984,0.0,0.0,0.1666666567325592,0.0
10,U77860,N29091,12,0,0.237704336643219,0.3060096502304077,0.0,0.0,1.0,0.0
10,U77860,N60215,13,0,0.2176485359668731,0.483663409948349,0.0,0.0,0.0,0.0
10,U77860,N53572,14,0,0.1546768397092819,0.3437263071537018,0.0,0.0,0.0,0.0
10,U77860,N512,15,0,0.0166666656732559,0.0,0.0,0.0,0.1666666567325592,0.0
11,U24918,N11150,1,0,0.6109265089035034,0.8761330842971802,0.0,0.0,0.6666666865348816,1.0
11,U24918,N31958,2,0,0.5643337368965149,0.7719863057136536,0.0,0.0013661201810464,0.6666666865348816,1.0
11,U24918,N62365,3,0,0.5416666865348816,1.0,0.0,0.0,0.1666666716337204,0.5
11,U24918,N34130,4,0,0.5163487792015076,0.9067009687423706,0.0,0.0,0.3333333432674408,0.5
11,U24918,N15347,5,1,0.5026049613952637,0.6354183554649353,0.0,0.0,0.6666666865348816,1.0
11,U24918,N57560,6,0,0.454108715057373,0.6943157315254211,0.0,0.0,0.6666666865348816,0.5
11,U24918,N18708,7,0,0.4456450343132019,0.5458778738975525,0.0,1.0,0.0,0.0
11,U24918,N7419,8,0,0.4441744685173034,0.784868597984314,0.0,0.1215846985578537,0.6666666865348816,0.0
11,U24918,N56969,9,0,0.4325563311576843,0.6464215517044067,0.0,0.0,0.6666666865348816,0.5
11,U24918,N9284,10,0,0.4310671091079712,0.5587162971496582,0.0,0.1898906975984573,0.6666666865348816,0.5
11,U24918,N47068,11,0,0.4233925640583038,0.4593908786773681,0.0,0.0,0.6666666865348816,1.0
11,U24918,N59933,12,0,0.4170601367950439,0.6119855046272278,0.0,0.0,0.6666666865348816,0.5
11,U24918,N28682,13,0,0.4108983874320984,0.43162602186203,0.0,0.0,0.6666666865348816,1.0
11,U24918,N10083,14,0,0.4101487398147583,0.911441683769226,0.0,0.0,0.0,0.0
11,U24918,N40982,15,0,0.4031280875205993,0.6921364665031433,0.0,0.0,0.1666666716337204,0.5
11,U24918,N42180,16,0,0.3994574546813965,0.8506461977958679,0.0,0.0,0.1666666716337204,0.0
11,U24918,N60799,17,0,0.3991453051567077,0.7212337255477905,0.0,0.0396174862980842,0.6666666865348816,0.0
11,U24918,N46749,18,0,0.3980986475944519,0.6439229846000671,0.0,0.0,0.3333333432674408,0.5
11,U24918,N49285,19,0,0.3976793885231018,0.6429911851882935,0.0,0.0,0.3333333432674408,0.5
11,U24918,N61811,20,0,0.3936522603034973,0.5126091241836548,0.0,0.1065573692321777,0.6666666865348816,0.5
11,U24918,N51104,21,0,0.3921816945075989,0.4826259315013885,0.0,0.0,1.0,0.5
11,U24918,N31141,22,0,0.3909440040588379,0.7169733643531799,0.0,0.0081967217847704,0.6666666865348816,0.0
11,U24918,N5940,23,0,0.377732515335083,0.5227692723274231,0.0,0.0040983608923852,0.6666666865348816,0.5
11,U24918,N19643,24,0,0.3772955536842346,0.6347308158874512,0.0,0.0,0.1666666716337204,0.5
11,U24918,N27289,25,0,0.3673998117446899,0.6160798072814941,0.0,0.117486335337162,0.6666666865348816,0.0
11,U24918,N48740,26,0,0.3648279309272766,0.6625806093215942,0.0,0.0,0.6666666865348816,0.0
11,U24918,N5472,27,0,0.3635300099849701,0.3263629674911499,0.0,0.0,0.6666666865348816,1.0
11,U24918,N13601,28,0,0.3617740869522095,0.4891275465488434,0.0,0.0,0.6666666865348816,0.5
11,U24918,N30503,29,0,0.3352642059326172,0.5968834161758423,0.0,0.0,0.6666666865348816,0.0
11,U24918,N39733,30,0,0.3349020481109619,0.5034859776496887,0.0,0.0,0.3333333432674408,0.5
11,U24918,N20477,31,0,0.3348995745182037,0.5954659581184387,0.0,0.0013661201810464,0.6666666865348816,0.0
11,U24918,N19990,32,0,0.331215500831604,0.2545529305934906,0.0,0.0,0.6666666865348816,1.0
11,U24918,N6916,33,0,0.3293996453285217,0.7052839398384094,0.0,0.0601092912256717,0.0,0.0
11,U24918,N29091,34,0,0.3288649916648865,0.3419221937656402,0.0,0.0,1.0,0.5
11,U24918,N4331,35,0,0.3221127092838287,0.6417319774627686,0.0,0.0,0.3333333432674408,0.0
11,U24918,N11627,36,0,0.3196479678153991,0.2288472950458526,0.0,0.0,0.6666666865348816,1.0
11,U24918,N4733,37,0,0.305038183927536,0.4000848531723022,0.0,0.0,0.5,0.5
11,U24918,N496,38,0,0.3045062720775604,0.5771056413650513,0.0,0.2240437120199203,0.0,0.0
11,U24918,N24802,39,1,0.3009990155696869,0.4466644823551178,0.0,0.0,1.0,0.0
11,U24918,N11390,40,0,0.2996757924556732,0.2770573198795318,0.0,0.0,1.0,0.5
11,U24918,N58098,41,0,0.2966834604740143,0.6222594976425171,0.0,0.0,0.1666666716337204,0.0
11,U24918,N28072,42,0,0.2963929772377014,0.5202175974845886,0.0,0.311475396156311,0.0,0.0
11,U24918,N38311,43,0,0.2963814735412597,0.6313031315803528,0.0,0.0614754110574722,0.0,0.0
11,U24918,N39393,44,0,0.2884215116500854,0.6409367322921753,0.0,0.0,0.0,0.0
11,U24918,N17405,45,0,0.2867989540100097,0.2484420835971832,0.0,0.0,1.0,0.5
11,U24918,N11930,46,0,0.2864511013031006,0.6329150199890137,0.0,0.0081967217847704,0.0,0.0
11,U24918,N41850,47,0,0.2841721475124359,0.5944566130638123,0.0,0.0,0.1666666716337204,0.0
11,U24918,N37204,48,0,0.2795762121677398,0.4573460817337036,0.0,0.368852436542511,0.0,0.0
11,U24918,N35815,49,0,0.2792643308639526,0.3783287703990936,0.0,0.5450819730758667,0.0,0.0
11,U24918,N1360,50,0,0.2733729779720306,0.5334214568138123,0.0,0.0,0.3333333432674408,0.0
11,U24918,N42844,51,0,0.2728277444839477,0.5322098135948181,0.0,0.0,0.3333333432674408,0.0
11,U24918,N54125,52,0,0.2619332373142242,0.4023531675338745,0.0,0.1543715745210647,0.5,0.0
11,U24918,N18774,53,0,0.2515377402305603,0.5589727759361267,0.0,0.0,0.0,0.0
11,U24918,N29862,54,0,0.2405602633953094,0.3864302337169647,0.0,0.0,0.6666666865348816,0.0
11,U24918,N55237,55,0,0.2400089055299759,0.5333531498908997,0.0,0.0,0.0,0.0
11,U24918,N53298,56,0,0.2353955507278442,0.300879031419754,0.0,0.0,1.0,0.0
11,U24918,N46495,57,0,0.2320146709680557,0.4026555716991424,0.0,0.0040983608923852,0.5,0.0
11,U24918,N60724,58,0,0.2275858521461486,0.3569910228252411,0.0,0.0013661201810464,0.6666666865348816,0.0
11,U24918,N23675,59,0,0.2160431891679763,0.4430589377880096,0.0,0.0,0.1666666716337204,0.0
11,U24918,N38498,60,0,0.2107917964458465,0.3943521678447723,0.0,0.0,0.3333333432674408,0.0
11,U24918,N38620,61,0,0.2069709300994873,0.2556245028972626,0.0,0.0013661201810464,0.1666666716337204,0.5
11,U24918,N16344,62,0,0.2046613246202469,0.4499456286430359,0.0,0.0109289614483714,0.0,0.0
11,U24918,N2716,63,0,0.203460544347763,0.3410234451293945,0.0,0.0,0.5,0.0
11,U24918,N37793,64,0,0.1984248757362365,0.1844171583652496,0.0,0.0355191230773925,0.3333333432674408,0.5
11,U24918,N39928,65,0,0.1952525973320007,0.2857464849948883,0.0,0.0,0.6666666865348816,0.0
11,U24918,N34044,66,0,0.194965660572052,0.2851088941097259,0.0,0.0,0.6666666865348816,0.0
11,U24918,N53572,67,0,0.1905974298715591,0.4235498607158661,0.0,0.0,0.0,0.0
11,U24918,N58656,68,0,0.187884509563446,0.4047706723213196,0.0,0.0286885220557451,0.0,0.0
11,U24918,N5507,69,0,0.185264840722084,0.2975527346134186,0.0,0.0068306010216474,0.5,0.0
11,U24918,N6858,70,0,0.1794141232967376,0.1758686602115631,0.0,0.0013661201810464,1.0,0.0
11,U24918,N3159,71,0,0.1696125566959381,0.2658056914806366,0.0,0.0,0.5,0.0
11,U24918,N46976,72,0,0.1667925715446472,0.3336131274700165,0.0,0.0,0.1666666716337204,0.0
11,U24918,N19882,73,0,0.1582716405391693,0.277640700340271,0.0,0.0,0.3333333432674408,0.0
11,U24918,N1666,74,0,0.1555867493152618,0.1976002007722854,0.0,0.0,0.6666666865348816,0.0
11,U24918,N65145,75,0,0.1518142074346542,0.2632908225059509,0.0,0.0,0.3333333432674408,0.0
11,U24918,N6400,76,0,0.1497123837471008,0.1845460534095764,0.0,0.0,0.6666666865348816,0.0
11,U24918,N26488,77,0,0.1425557881593704,0.3082903325557709,0.0,0.0191256832331419,0.0,0.0
11,U24918,N13270,78,0,0.1376879960298538,0.3059733211994171,0.0,0.0,0.0,0.0
11,U24918,N64724,79,0,0.1356630027294159,0.1897550523281097,0.0,0.0013661201810464,0.5,0.0
11,U24918,N3806,80,0,0.1298248469829559,0.1773885488510131,0.0,0.0,0.5,0.0
11,U24918,N27936,81,0,0.1198523715138435,0.2584454715251922,0.0,0.0177595615386962,0.0,0.0
11,U24918,N1952,82,0,0.109764739871025,0.1419180184602737,0.0,0.0628415271639823,0.3333333432674408,0.0
11,U24918,N6950,83,0,0.1088206470012664,0.2418236583471298,0.0,0.0,0.0,0.0
11,U24918,N14273,84,0,0.1073795408010482,0.1973340213298797,0.0,0.0095628416165709,0.1666666716337204,0.0
11,U24918,N61697,85,0,0.1034577339887619,0.1534033566713333,0.0,0.0054644807241857,0.3333333432674408,0.0
11,U24918,N26485,86,0,0.1007672473788261,0.2239272147417068,0.0,0.0,0.0,0.0
11,U24918,N37577,87,0,0.1002732291817665,0.0,0.0,0.0013661201810464,1.0,0.0
11,U24918,N6712,88,0,0.0871686711907386,0.1566711217164993,0.0,0.0,0.1666666716337204,0.0
11,U24918,N26202,89,0,0.0748495832085609,0.16633240878582,0.0,0.0,0.0,0.0
11,U24918,N45576,90,0,0.065171480178833,0.1448255181312561,0.0,0.0,0.0,0.0
11,U24918,N51470,91,0,0.0568852201104164,0.1264116019010543,0.0,0.0,0.0,0.0
11,U24918,N53615,92,0,0.0545878857374191,0.0812335535883903,0.0,0.0901639312505722,0.0,0.0
12,U50227,N33176,1,0,0.6603344678878784,0.9118544459342957,0.0,0.0,1.0,1.0
12,U50227,N5472,2,0,0.6193758249282837,0.8393536806106567,0.0,0.0,0.9166666865348816,1.0
12,U50227,N11390,3,1,0.5687153339385986,0.7082562446594238,0.0,0.0,1.0,1.0
12,U50227,N11930,4,0,0.5524705052375793,0.9973846673965454,0.0,0.0182370841503143,0.25,0.5
12,U50227,N24802,5,1,0.5505360960960388,0.6678580045700073,0.0,0.0,1.0,1.0
12,U50227,N15347,6,0,0.5481024384498596,0.6809684038162231,0.0,0.0,0.9166666865348816,1.0
12,U50227,N31958,7,0,0.5466960668563843,0.6764922142028809,0.0,0.0030395139474421,0.9166666865348816,1.0
12,U50227,N21681,8,0,0.5161601305007935,0.8414669632911682,0.0,0.0,1.0,0.25
12,U50227,N7618,9,0,0.5022022724151611,0.6715606451034546,0.0,1.0,0.0,0.0
12,U50227,N55237,10,0,0.4749999940395355,1.0,0.0,0.0,0.25,0.0
12,U50227,N38951,11,0,0.4677035808563232,0.5671190619468689,0.0,0.0,1.0,0.75
12,U50227,N28682,12,0,0.4593274891376495,0.4836907386779785,0.0,0.0,0.9166666865348816,1.0
12,U50227,N58656,13,0,0.4568344950675964,0.7645968198776245,0.0,0.0638297870755195,0.25,0.5
12,U50227,N26572,14,0,0.4552522003650665,0.4561160206794739,0.0,0.0,1.0,1.0
12,U50227,N42844,15,0,0.4447483122348785,0.867959201335907,0.0,0.0,0.1666666567325592,0.25
12,U50227,N12446,16,0,0.4331885278224945,0.6336982846260071,0.0,0.2401215881109237,1.0,0.0
12,U50227,N29091,17,0,0.4326880276203155,0.6559734344482422,0.0,0.0,1.0,0.25
12,U50227,N56969,18,0,0.4267774820327759,0.8928388357162476,0.0,0.0,0.25,0.0
12,U50227,N34130,19,0,0.419232577085495,0.8112576603889465,0.0,0.0,0.1666666567325592,0.25
12,U50227,N31884,20,0,0.418974369764328,0.3754985928535461,0.0,0.0,1.0,1.0
12,U50227,N6916,21,0,0.4158782362937927,0.8647344708442688,0.0,0.1337386071681976,0.0,0.0
12,U50227,N53572,22,0,0.3899356126785278,0.764671802520752,0.0,0.0,0.0833333283662796,0.25
12,U50227,N49285,23,0,0.3865168392658233,0.738555908203125,0.0,0.0,0.1666666567325592,0.25
12,U50227,N46749,24,0,0.3856736719608307,0.7366822957992554,0.0,0.0,0.1666666567325592,0.25
12,U50227,N29862,25,0,0.3373959362506866,0.6942132115364075,0.0,0.0,0.25,0.0
12,U50227,N19990,26,0,0.3253068923950195,0.5840153098106384,0.0,0.0,0.25,0.25
12,U50227,N62365,27,0,0.3184980452060699,0.6892549395561218,0.0,0.0,0.0833333283662796,0.0
12,U50227,N44621,28,0,0.3135929405689239,0.6968732476234436,0.0,0.0,0.0,0.0
12,U50227,N7556,29,0,0.311952143907547,0.6747084856033325,0.0,0.0,0.0833333283662796,0.0
12,U50227,N5940,30,0,0.3064233958721161,0.6213327050209045,0.0,0.0091185420751571,0.25,0.0
12,U50227,N48740,31,0,0.3053810894489288,0.6230691075325012,0.0,0.0,0.25,0.0
12,U50227,N6400,32,0,0.3039910495281219,0.3884986042976379,0.0,0.0,0.9166666865348816,0.25
12,U50227,N40982,33,0,0.2971922159194946,0.6419086456298828,0.0,0.0,0.0833333283662796,0.0
12,U50227,N3168,34,0,0.2463285028934478,0.4455448389053345,0.0,0.0,0.0833333283662796,0.25
12,U50227,N51470,35,1,0.1870027780532837,0.4155617356300354,0.0,0.0,0.0,0.0
12,U50227,N58098,36,0,0.1848455071449279,0.3922492861747741,0.0,0.0,0.0833333283662796,0.0
12,U50227,N60724,37,0,0.1546725928783416,0.2868103981018066,0.0,0.0030395139474421,0.25,0.0
12,U50227,N1952,38,0,0.1329262852668762,0.2332506030797958,0.0,0.1398176252841949,0.0,0.0
12,U50227,N6950,39,0,0.0,0.0,0.0,0.0,0.0,0.0
13,U46210,N30290,1,0,0.8999999761581421,1.0,0.0,1.0,1.0,1.0
13,U46210,N20036,2,0,0.3659111857414245,0.6829772591590881,0.0,0.1428571343421936,0.2999999821186065,0.0
13,U46210,N46976,3,0,0.3140759170055389,0.4757242798805237,0.0,0.0,1.0,0.0
13,U46210,N36779,4,0,0.2841503024101257,0.2917625606060028,0.0,0.1642857044935226,0.699999988079071,0.3333333134651184
13,U46210,N5940,5,0,0.2231523692607879,0.4197036921977997,0.0,0.021428570151329,0.2999999821186065,0.0
13,U46210,N6638,6,0,0.212812140583992,0.3951380848884582,0.0,0.0,0.0999999940395355,0.1666666567325592
13,U46210,N42844,7,0,0.1931550800800323,0.3847890794277191,0.0,0.0,0.199999988079071,0.0
13,U46210,N31958,8,1,0.1506129205226898,0.3092985451221466,0.0,0.0071428567171096,0.0999999940395355,0.0
13,U46210,N13408,9,0,0.1379660815000534,0.2843690514564514,0.0,0.0,0.0999999940395355,0.0
13,U46210,N32536,10,0,0.0802580118179321,0.1783511340618133,0.0,0.0,0.0,0.0
13,U46210,N35216,11,0,0.0299999993294477,0.0,0.0,0.0,0.2999999821186065,0.0
14,U47134,N37204,1,0,0.6846578121185303,0.9752631187438964,0.0,1.0,0.1578947305679321,0.199999988079071
14,U47134,N16120,2,0,0.6688888669013977,1.0,0.0,0.1444444507360458,1.0,0.5999999642372131
14,U47134,N27742,3,0,0.611562192440033,0.8701382279396057,0.0,0.0,1.0,0.7999999523162842
14,U47134,N27738,4,0,0.5989740490913391,0.9754979014396667,0.0,0.0,1.0,0.3999999761581421
14,U47134,N8373,5,0,0.5950473546981812,0.5731396675109863,0.0,0.7777777910232544,0.3157894611358642,1.0
14,U47134,N13865,6,0,0.5850585103034973,0.9445744752883912,0.0,0.0,1.0,0.3999999761581421
14,U47134,N9284,7,0,0.5761570930480957,0.777858316898346,0.0,0.5148148536682129,0.6315789222717285,0.3999999761581421
14,U47134,N7419,8,0,0.5745505094528198,0.989925980567932,0.0,0.3296296596527099,0.6315789222717285,0.0
14,U47134,N47612,9,0,0.5689534544944763,0.74417644739151,0.0,0.0703703761100769,1.0,0.7999999523162842
14,U47134,N26063,10,0,0.5669634938240051,0.9010711908340454,0.0,0.0074074077419936,1.0,0.3999999761581421
14,U47134,N64954,11,0,0.5609058141708374,0.8909018039703369,0.0,0.0,1.0,0.3999999761581421
14,U47134,N17672,12,0,0.544712483882904,0.7215833067893982,0.0,0.0,1.0,0.7999999523162842
14,U47134,N57359,13,0,0.5245147347450256,0.7186747789382935,0.0,0.055555559694767,1.0,0.5999999642372131
14,U47134,N33397,14,0,0.5219658613204956,0.736055850982666,0.0,0.0037037038709968,1.0,0.5999999642372131
14,U47134,N14637,15,0,0.5195077657699585,0.6655728816986084,0.0,0.0,1.0,0.7999999523162842
14,U47134,N36779,16,0,0.5178455114364624,0.6240188479423523,0.0,0.0851851850748062,1.0,0.7999999523162842
14,U47134,N43277,17,0,0.4934999048709869,0.7913166880607605,0.0,0.0370370373129844,1.0,0.199999988079071
14,U47134,N48487,18,0,0.4864082932472229,0.7319360971450806,0.0,0.7851852178573608,0.0,0.0
14,U47134,N5940,19,0,0.4824587106704712,0.7935080528259277,0.0,0.0111111123114824,0.6315789222717285,0.3999999761581421
14,U47134,N63415,20,0,0.4773143231868744,0.6022623181343079,0.0,0.0814814865589141,1.0,0.5999999642372131
14,U47134,N63342,21,0,0.4729197919368744,0.9883814454078674,0.0,0.1407407522201538,0.0,0.0
14,U47134,N60747,22,0,0.4726007580757141,0.5481662750244141,0.0,0.0296296309679746,1.0,0.7999999523162842
14,U47134,N57007,23,0,0.4724800884723663,0.5478981137275696,0.0,0.0296296309679746,1.0,0.7999999523162842
14,U47134,N7342,24,0,0.4678698480129242,0.8979304432868958,0.0,0.0111111123114824,0.3157894611358642,0.199999988079071
14,U47134,N58612,25,0,0.4510498344898224,0.5134440660476685,0.0,0.0,1.0,0.7999999523162842
14,U47134,N18895,26,0,0.4482890367507934,0.6406423449516296,0.0,0.0,1.0,0.3999999761581421
14,U47134,N23767,27,0,0.4482179284095764,0.6779111623764038,0.0,0.1000000089406967,0.6315789222717285,0.3999999761581421
14,U47134,N12446,28,0,0.4435424208641052,0.5667197704315186,0.0,0.2925926148891449,1.0,0.199999988079071
14,U47134,N53754,29,0,0.4427388906478882,0.4916830956935882,0.0,0.0074074077419936,1.0,0.7999999523162842
14,U47134,N22257,30,0,0.4424277245998382,0.3557955622673034,0.0,0.5037037134170532,0.3157894611358642,1.0
14,U47134,N51793,31,0,0.4378826320171356,0.8030053973197937,0.0,0.0037037038709968,0.1578947305679321,0.3999999761581421
14,U47134,N57327,32,0,0.434975266456604,0.5694707632064819,0.0,0.5777778029441833,0.6315789222717285,0.0
14,U47134,N23629,33,0,0.4345785975456238,0.543507993221283,0.0,0.0,1.0,0.5999999642372131
14,U47134,N30290,34,0,0.4316080212593078,0.7052844166755676,0.0,0.5185185670852661,0.1052631586790084,0.0
14,U47134,N35216,35,0,0.4219653010368347,0.6640164852142334,0.0,0.0,0.6315789222717285,0.3999999761581421
14,U47134,N61811,36,0,0.4192745089530945,0.52964186668396,0.0,0.2888889014720917,0.6315789222717285,0.3999999761581421
14,U47134,N55712,37,0,0.4151923060417175,0.612361490726471,0.0,0.0481481477618217,1.0,0.199999988079071
14,U47134,N14266,38,0,0.411136269569397,0.4716608226299286,0.0,0.0444444492459297,1.0,0.5999999642372131
14,U47134,N51010,39,0,0.4101140201091766,0.4224756062030792,0.0,0.0,1.0,0.7999999523162842
14,U47134,N29490,40,0,0.4089228212833404,0.7584033012390137,0.0,0.259259283542633,0.1578947305679321,0.0
14,U47134,N42670,41,0,0.4086867570877075,0.464051604270935,0.0,0.770370364189148,0.1578947305679321,0.199999988079071
14,U47134,N60939,42,0,0.3995882570743561,0.399084985256195,0.0,0.0,1.0,0.7999999523162842
14,U47134,N42844,43,0,0.3955836594104767,0.8790748119354248,0.0,0.0,0.0,0.0
14,U47134,N28072,44,0,0.3813928067684173,0.370476484298706,0.0,0.8444445133209229,0.1578947305679321,0.199999988079071
14,U47134,N28716,45,0,0.3809224367141723,0.7330440282821655,0.0,0.0,0.2105263173580169,0.199999988079071
14,U47134,N3174,46,0,0.3787420094013214,0.3494678139686584,0.0,0.0074074077419936,1.0,0.7999999523162842
14,U47134,N39683,47,0,0.3643714785575866,0.4767709374427795,0.0,0.1333333402872085,0.6315789222717285,0.3999999761581421
14,U47134,N9047,48,0,0.3514205813407898,0.4743286371231079,0.0,0.3740741014480591,0.6315789222717285,0.0
14,U47134,N496,49,0,0.3463582694530487,0.4880302846431732,0.0,0.6074074506759644,0.0526315793395042,0.0
14,U47134,N1878,50,0,0.3449576795101166,0.7665726542472839,0.0,0.0,0.0,0.0
14,U47134,N52104,51,0,0.3409534990787506,0.2687855362892151,0.0,0.0,1.0,0.7999999523162842
14,U47134,N47861,52,0,0.3381692171096802,0.5276188850402832,0.0,0.0037037038709968,1.0,0.0
14,U47134,N5981,53,0,0.3369285762310028,0.5672270655632019,0.0,0.0925925970077514,0.6315789222717285,0.0
14,U47134,N38311,54,0,0.332878440618515,0.665655791759491,0.0,0.1666666865348816,0.0,0.0
14,U47134,N4476,55,0,0.3316599428653717,0.2481332123279571,0.0,0.0,1.0,0.7999999523162842
14,U47134,N37233,56,0,0.3315506279468536,0.4478903114795685,0.0,0.0,1.0,0.199999988079071
14,U47134,N23535,57,0,0.3313842117786407,0.6521121859550476,0.0,0.1370370388031005,0.1052631586790084,0.0
14,U47134,N27289,58,0,0.3308410346508026,0.3866209685802459,0.0,0.3185185194015503,0.6315789222717285,0.199999988079071
14,U47134,N62805,59,0,0.3253105878829956,0.6850523352622986,0.0,0.0851851850748062,0.0,0.0
14,U47134,N6388,60,0,0.3250917494297027,0.3693397045135498,0.0,0.1444444507360458,1.0,0.199999988079071
14,U47134,N14056,61,0,0.3112039268016815,0.3713996708393097,0.0,0.0703703761100769,1.0,0.199999988079071
14,U47134,N10423,62,0,0.3105936348438263,0.2013191878795623,0.0,0.0,1.0,0.7999999523162842
14,U47134,N54398,63,0,0.3009078204631805,0.6420000791549683,0.0,0.0074074077419936,0.1052631586790084,0.0
14,U47134,N20187,64,0,0.3003890812397003,0.5271804332733154,0.0,0.0,0.6315789222717285,0.0
14,U47134,N13408,65,0,0.2943389415740967,0.6073029041290283,0.0,0.0,0.2105263173580169,0.0
14,U47134,N41946,66,0,0.290327250957489,0.4767506420612335,0.0,0.0,0.1578947305679321,0.3999999761581421
14,U47134,N28345,67,0,0.2857769429683685,0.4930629134178161,0.0,0.0037037038709968,0.6315789222717285,0.0
14,U47134,N58171,68,0,0.2827595472335815,0.5756796598434448,0.0,0.1185185238718986,0.0,0.0
14,U47134,N59904,69,0,0.2820533514022827,0.5916975140571594,0.0,0.0,0.1578947305679321,0.0
14,U47134,N17031,70,0,0.2739337682723999,0.421087384223938,0.0,0.4222222566604614,0.0,0.0
14,U47134,N37954,71,0,0.2673376500606537,0.1051947474479675,0.0,0.0,1.0,0.7999999523162842
14,U47134,N11930,72,0,0.2623657882213592,0.5731585621833801,0.0,0.0222222246229648,0.0,0.0
14,U47134,N45912,73,0,0.2616899907588959,0.5815333127975464,0.0,0.0,0.0,0.0
14,U47134,N38556,74,0,0.2594010531902313,0.5764468312263489,0.0,0.0,0.0,0.0
14,U47134,N36940,75,1,0.2583386898040771,0.5574518442153931,0.0,0.0111111123114824,0.0526315793395042,0.0
14,U47134,N53283,76,0,0.2554650902748108,0.5209165811538696,0.0,0.0,0.2105263173580169,0.0
14,U47134,N7556,77,0,0.2331921011209488,0.5182046890258789,0.0,0.0,0.0,0.0
14,U47134,N38901,78,0,0.2301957309246063,0.5115460753440857,0.0,0.0,0.0,0.0
14,U47134,N6638,79,0,0.2300673872232437,0.4761731326580047,0.0,0.0,0.1578947305679321,0.0
14,U47134,N58748,80,0,0.227067083120346,0.4980091750621795,0.0,0.0148148154839873,0.0,0.0
14,U47134,N31958,81,0,0.2257035970687866,0.3314964175224304,0.0,0.0037037038709968,0.1578947305679321,0.3999999761581421
14,U47134,N34915,82,0,0.2205007523298263,0.4554337561130523,0.0,0.0777777805924415,0.0,0.0
14,U47134,N39028,83,0,0.2194826155900955,0.40985307097435,0.0,0.0962962955236435,0.1578947305679321,0.0
14,U47134,N20036,84,0,0.2171142101287841,0.3092033565044403,0.0,0.0740740746259689,0.6315789222717285,0.0
14,U47134,N58656,85,0,0.1999573558568954,0.4097817838191986,0.0,0.0777777805924415,0.0,0.0
14,U47134,N11570,86,0,0.1985877156257629,0.2728849649429321,0.0,0.0,0.1578947305679321,0.3999999761581421
14,U47134,N11784,87,0,0.1977632045745849,0.4180746376514435,0.0,0.0481481477618217,0.0,0.0
14,U47134,N47906,88,0,0.1936708241701126,0.3536198437213897,0.0,0.0148148154839873,0.3157894611358642,0.0
14,U47134,N23336,89,0,0.1895670741796493,0.3828802406787872,0.0,0.0074074077419936,0.1578947305679321,0.0
14,U47134,N53113,90,0,0.1885246783494949,0.2505226731300354,0.0,0.0,0.1578947305679321,0.3999999761581421
14,U47134,N50055,91,0,0.186508372426033,0.3184699714183807,0.0,0.1370370388031005,0.1578947305679321,0.0
14,U47134,N61697,92,0,0.1825242042541504,0.3288495540618896,0.0,0.0148148154839873,0.3157894611358642,0.0
14,U47134,N44558,93,0,0.1822522282600402,0.3348295390605926,0.0,0.0,0.3157894611358642,0.0
14,U47134,N36793,94,0,0.1771873831748962,0.3687118589878082,0.0,0.0037037038709968,0.1052631586790084,0.0
14,U47134,N46162,95,0,0.1714571267366409,0.3810158371925354,0.0,0.0,0.0,0.0
14,U47134,N29393,96,0,0.1674132794141769,0.3252458870410919,0.0,0.0,0.2105263173580169,0.0
14,U47134,N16344,97,0,0.1624330878257751,0.347793698310852,0.0,0.0296296309679746,0.0,0.0
14,U47134,N15719,98,0,0.1608203947544098,0.1812469363212585,0.0,0.3962963223457336,0.0,0.0
14,U47134,N6916,99,0,0.1598238050937652,0.2827360332012176,0.0,0.1629629731178283,0.0,0.0
14,U47134,N47576,100,0,0.1512439846992492,0.230054885149002,0.0,0.1333333402872085,0.2105263173580169,0.0
14,U47134,N50894,101,0,0.1478726416826248,0.3286058902740478,0.0,0.0,0.0,0.0
14,U47134,N12320,102,0,0.1470945328474044,0.2567013204097748,0.0,0.0,0.3157894611358642,0.0
14,U47134,N13556,103,0,0.1421739608049392,0.2008457332849502,0.0,0.0037037038709968,0.2105263173580169,0.199999988079071
14,U47134,N2852,104,0,0.1393668055534362,0.2629203796386719,0.0,0.0,0.2105263173580169,0.0
14,U47134,N22978,105,0,0.124786764383316,0.2259285748004913,0.0,0.0629629641771316,0.1052631586790084,0.0
14,U47134,N32237,106,0,0.1227151975035667,0.2293822765350341,0.0,0.0185185186564922,0.1578947305679321,0.0
14,U47134,N27860,107,0,0.1179404482245445,0.2270021736621856,0.0,0.0,0.1578947305679321,0.0
14,U47134,N53242,108,0,0.1100625619292259,0.2445834726095199,0.0,0.0,0.0,0.0
14,U47134,N49554,109,0,0.1086338385939598,0.21637062728405,0.0,0.0037037038709968,0.1052631586790084,0.0
14,U47134,N53615,110,0,0.1073437333106994,0.0281452555209398,0.0,0.2444444596767425,0.1578947305679321,0.199999988079071
14,U47134,N13337,111,0,0.107327252626419,0.0917863547801971,0.0,0.0222222246229648,0.3157894611358642,0.199999988079071
14,U47134,N3168,112,0,0.1057637631893158,0.1882469654083252,0.0,0.0,0.2105263173580169,0.0
14,U47134,N60975,113,0,0.1052903309464454,0.2089406102895736,0.0,0.0037037038709968,0.1052631586790084,0.0
14,U47134,N28961,114,0,0.1023974865674972,0.1675976365804672,0.0,0.0296296309679746,0.2105263173580169,0.0
14,U47134,N46976,115,0,0.1008649244904518,0.2007524669170379,0.0,0.0,0.1052631586790084,0.0
14,U47134,N42478,116,0,0.0983772948384285,0.2186162173748016,0.0,0.0,0.0,0.0
14,U47134,N32734,117,0,0.0892519950866699,0.1983377784490585,0.0,0.0,0.0,0.0
14,U47134,N13573,118,0,0.0877166911959648,0.1949259787797927,0.0,0.0,0.0,0.0
14,U47134,N32536,119,0,0.0681664049625396,0.1514808982610702,0.0,0.0,0.0,0.0
14,U47134,N36786,120,0,0.0617933757603168,0.0,0.0,0.2037037163972854,0.2105263173580169,0.0
14,U47134,N35693,121,0,0.0550719648599624,0.0872944220900535,0.0,0.0,0.1578947305679321,0.0
14,U47134,N61829,122,0,0.0538208335638046,0.1163096725940704,0.0,0.0074074077419936,0.0,0.0
14,U47134,N10051,123,0,0.0531434379518032,0.1164504438638687,0.0,0.0037037038709968,0.0,0.0
14,U47134,N19683,124,0,0.0433919355273246,0.0914882570505142,0.0,0.0111111123114824,0.0,0.0
15,U27387,N31958,1,0,0.5246754288673401,0.332614004611969,0.0,0.9999956488609314,1.0,0.5
15,U27387,N24802,2,0,0.4969924986362457,0.5488722324371338,0.0,0.0,1.0,1.0
15,U27387,N34130,3,0,0.4749999940395355,1.0,0.0,0.0,0.25,0.0
15,U27387,N21679,4,0,0.4623202681541443,0.6384895443916321,0.0,0.0,1.0,0.5
15,U27387,N6400,5,1,0.3822739124298095,0.2939420044422149,0.0,0.0,1.0,1.0
15,U27387,N5472,6,0,0.3346296548843384,0.3547325730323791,0.0,0.0,1.0,0.5
15,U27387,N48740,7,0,0.3090198934078216,0.575599730014801,0.0,0.0,0.5,0.0
15,U27387,N29862,8,0,0.2670056223869324,0.4822346866130829,0.0,0.0,0.5,0.0
15,U27387,N55237,9,0,0.2051812410354614,0.4559583365917206,0.0,0.0,0.0,0.0
15,U27387,N51470,10,0,0.1029731109738349,0.2288291454315185,0.0,0.0,0.0,0.0
15,U27387,N50775,11,0,0.1000000014901161,0.0,0.0,0.0,1.0,0.0
15,U27387,N53572,12,0,0.0926192179322242,0.2058204859495163,0.0,0.0,0.0,0.0
16,U18529,N3380,1,0,0.7004719972610474,0.9601256251335144,0.0,0.0920770838856697,1.0,1.0
16,U18529,N13865,2,0,0.7000000476837158,1.0,0.0,0.0,1.0,1.0
16,U18529,N27738,3,0,0.6810051202774048,0.957789182662964,0.0,0.0,1.0,1.0
16,U18529,N9846,4,0,0.6503334045410156,0.8867745995521545,0.0,0.0064239827916026,1.0,1.0
16,U18529,N13347,5,0,0.618221640586853,0.8182703256607056,0.0,0.0,1.0,1.0
16,U18529,N11681,6,0,0.6034841537475586,0.7474523186683655,0.0,0.0856531038880348,1.0,1.0
16,U18529,N56132,7,0,0.5927774906158447,0.7617278099060059,0.0,0.0,1.0,1.0
16,U18529,N53075,8,0,0.5190783739089966,0.7960485816001892,0.0,0.0042826551944017,1.0,0.3999999761581421
16,U18529,N57001,9,0,0.4614337086677551,0.6698527336120605,0.0,0.0,1.0,0.3999999761581421
16,U18529,N19685,10,0,0.4309239685535431,0.3991981446743011,0.0,0.0064239827916026,1.0,1.0
16,U18529,N60939,11,0,0.3982234895229339,0.5293855667114258,0.0,0.0,1.0,0.3999999761581421
16,U18529,N38311,12,0,0.3840231299400329,0.7613518834114075,0.0,0.0963597446680069,0.0714285671710968,0.0999999940395355
16,U18529,N63913,13,0,0.3566107749938965,0.4207339286804199,0.0,0.0364025682210922,1.0,0.3999999761581421
16,U18529,N8509,14,0,0.3262621164321899,0.3462498486042022,0.0,0.8522484302520752,0.0,0.0
16,U18529,N48487,15,0,0.3092803359031677,0.4696559309959411,0.0,0.453961431980133,0.0714285671710968,0.0
16,U18529,N3174,16,0,0.3064016699790954,0.4567669630050659,0.0,0.0042826551944017,1.0,0.0
16,U18529,N37204,17,0,0.3033745288848877,0.3679999411106109,0.0,0.578158438205719,0.0714285671710968,0.0999999940395355
16,U18529,N57515,18,0,0.3004838526248932,0.4455196559429168,0.0,0.0,1.0,0.0
16,U18529,N29490,19,0,0.2978758811950683,0.5953273773193359,0.0,0.1498929411172866,0.0,0.0
16,U18529,N60550,20,0,0.2935026288032532,0.3527480661869049,0.0,0.6381155848503113,0.0714285671710968,0.0
16,U18529,N22292,21,0,0.2791114747524261,0.3980255126953125,0.0,0.0,1.0,0.0
16,U18529,N28072,22,0,0.2691319286823272,0.3318767845630646,0.0,0.4882226884365082,0.0714285671710968,0.0999999940395355
16,U18529,N496,23,0,0.2646930813789367,0.4162548184394836,0.0,0.3511777222156524,0.0714285671710968,0.0
16,U18529,N7419,24,0,0.250019758939743,0.4708980917930603,0.0,0.1905781626701355,0.0,0.0
16,U18529,N10960,25,0,0.246622622013092,0.1036058142781257,0.0,1.0,0.0,0.0
16,U18529,N5940,26,0,0.2448380291461944,0.5412294268608093,0.0,0.0064239827916026,0.0,0.0
16,U18529,N28800,27,0,0.2379813194274902,0.3066251575946808,0.0,0.0,1.0,0.0
16,U18529,N62894,28,0,0.2365836799144745,0.3604276180267334,0.0,0.2612419724464416,0.0714285671710968,0.0999999940395355
16,U18529,N25491,29,0,0.2359176725149154,0.4626830518245697,0.0,0.0278372578322887,0.0714285671710968,0.0999999940395355
16,U18529,N6916,30,0,0.234441801905632,0.429900586605072,0.0,0.0942184180021286,0.0714285671710968,0.0999999940395355
16,U18529,N8373,31,0,0.2226886749267578,0.2950064837932586,0.0,0.4496787786483764,0.0,0.0
16,U18529,N13556,32,0,0.2223910093307495,0.4932505786418915,0.0,0.0021413275972008,0.0,0.0
16,U18529,N9284,33,0,0.2206207811832428,0.3579819500446319,0.0,0.2976445257663727,0.0,0.0
16,U18529,N31679,34,0,0.2179184406995773,0.3789065182209015,0.0,0.126338317990303,0.0714285671710968,0.0999999940395355
16,U18529,N16344,35,0,0.2174369394779205,0.4263732731342315,0.0,0.0171306207776069,0.0714285671710968,0.0999999940395355
16,U18529,N7965,36,0,0.2121050208806991,0.241508662700653,0.0,0.0171306207776069,1.0,0.0
16,U18529,N32567,37,0,0.2114423215389251,0.3613778948783874,0.0,0.2441113442182541,0.0,0.0
16,U18529,N60539,38,0,0.2099694609642028,0.4307400584220886,0.0,0.0449678786098957,0.0714285671710968,0.0
16,U18529,N23767,39,0,0.2092598229646682,0.4393258988857269,0.0,0.057815846055746,0.0,0.0
16,U18529,N5981,40,0,0.2081884443759918,0.438848465681076,0.0,0.0535331889986991,0.0,0.0
16,U18529,N6638,41,0,0.2080060243606567,0.4622356295585632,0.0,0.0,0.0,0.0
16,U18529,N13854,42,1,0.2054842710494995,0.4528249204158783,0.0,0.0085653103888034,0.0,0.0
16,U18529,N63174,43,0,0.1978410482406616,0.3901583254337311,0.0,0.1113490313291549,0.0,0.0
16,U18529,N57327,44,0,0.197394385933876,0.2901888191699981,0.0,0.3340470790863037,0.0,0.0
16,U18529,N36288,45,0,0.1970753222703933,0.3941669166088104,0.0,0.0985010638833046,0.0,0.0
16,U18529,N42670,46,0,0.1923067271709442,0.1801881045103073,0.0,0.4453961253166199,0.0714285671710968,0.0999999940395355
16,U18529,N50055,47,0,0.1921908855438232,0.3918779194355011,0.0,0.0792291238903999,0.0,0.0
16,U18529,N23691,48,0,0.1917354166507721,0.4260787069797516,0.0,0.0,0.0,0.0
16,U18529,N36779,49,0,0.1914788335561752,0.1813971698284149,0.0,0.0492505319416523,1.0,0.0
16,U18529,N30290,50,0,0.1897058933973312,0.2883304953575134,0.0,0.2997858822345733,0.0,0.0
16,U18529,N38556,51,0,0.1869138330221176,0.3661577403545379,0.0,0.0,0.0714285671710968,0.0999999940395355
16,U18529,N61811,52,0,0.1864475458860397,0.340095192193985,0.0,0.1670235395431518,0.0,0.0
16,U18529,N54125,53,0,0.1823624372482299,0.2977076172828674,0.0,0.2419700175523758,0.0,0.0
16,U18529,N31958,54,0,0.181094154715538,0.4014797806739807,0.0,0.0021413275972008,0.0,0.0
16,U18529,N53242,55,0,0.1804501861333847,0.401000440120697,0.0,0.0,0.0,0.0
16,U18529,N59904,56,0,0.1799609065055847,0.3999131321907043,0.0,0.0,0.0,0.0
16,U18529,N36940,57,0,0.1775667071342468,0.3758645951747894,0.0,0.0064239827916026,0.0714285671710968,0.0
16,U18529,N6340,58,0,0.1751287132501602,0.3891749382019043,0.0,0.0,0.0,0.0
16,U18529,N39369,59,0,0.1744536906480789,0.327048122882843,0.0,0.0256959311664104,0.0714285671710968,0.0999999940395355
16,U18529,N44698,60,0,0.1729072630405426,0.1948498040437698,0.0,0.4261242151260376,0.0,0.0
16,U18529,N46634,61,0,0.1644514203071594,0.3654476106166839,0.0,0.0,0.0,0.0
16,U18529,N39028,62,0,0.1617597639560699,0.3188489079475403,0.0,0.0556745156645774,0.0714285671710968,0.0
16,U18529,N48707,63,0,0.1515927910804748,0.2997565269470215,0.0,0.0835117697715759,0.0,0.0
16,U18529,N5695,64,0,0.1498914510011673,0.3016859591007232,0.0,0.0706638097763061,0.0,0.0
16,U18529,N18409,65,0,0.1482507139444351,0.3151705265045166,0.0,0.0321199148893356,0.0,0.0
16,U18529,N22257,66,0,0.1457629799842834,0.194486379623413,0.0,0.2912205457687378,0.0,0.0
16,U18529,N38690,67,0,0.1439620107412338,0.3199155926704407,0.0,0.0,0.0,0.0
16,U18529,N9047,68,0,0.1424754709005355,0.2204903364181518,0.0,0.216274082660675,0.0,0.0
16,U18529,N2419,69,0,0.1378971487283706,0.3064381182193756,0.0,0.0,0.0,0.0
16,U18529,N56966,70,0,0.1371876895427703,0.2981996238231659,0.0,0.014989293180406,0.0,0.0
16,U18529,N7342,71,0,0.1364205479621887,0.3003016710281372,0.0,0.0064239827916026,0.0,0.0
16,U18529,N55371,72,0,0.1335302740335464,0.2957822680473327,0.0,0.0021413275972008,0.0,0.0
16,U18529,N35576,73,0,0.1327572017908096,0.2693200707435608,0.0,0.057815846055746,0.0,0.0
16,U18529,N39683,74,0,0.1313391625881195,0.2576035857200622,0.0,0.077087789773941,0.0,0.0
16,U18529,N30283,75,0,0.1311634182929992,0.2895708680152893,0.0,0.0042826551944017,0.0,0.0
16,U18529,N37994,76,0,0.127330869436264,0.2163384109735489,0.0,0.1498929411172866,0.0,0.0
16,U18529,N46495,77,0,0.1261112838983535,0.2773922085762024,0.0,0.0064239827916026,0.0,0.0
16,U18529,N20187,78,0,0.1215250566601753,0.2700556814670563,0.0,0.0,0.0,0.0
16,U18529,N1396,79,0,0.1201671585440635,0.2670381367206573,0.0,0.0,0.0,0.0
16,U18529,N41596,80,0,0.1165328845381736,0.2570585608482361,0.0,0.0042826551944017,0.0,0.0
16,U18529,N1878,81,0,0.1133131086826324,0.2518069148063659,0.0,0.0,0.0,0.0
16,U18529,N17807,82,0,0.1082650423049926,0.2405889928340912,0.0,0.0,0.0,0.0
16,U18529,N61697,83,0,0.1069311574101448,0.2338179945945739,0.0,0.0085653103888034,0.0,0.0
16,U18529,N34436,84,0,0.1047305911779403,0.2156040370464325,0.0,0.0385438948869705,0.0,0.0
16,U18529,N5507,85,1,0.1023642718791961,0.2227176576852798,0.0,0.0107066379860043,0.0,0.0
16,U18529,N27860,86,0,0.0995255708694458,0.2211679369211197,0.0,0.0,0.0,0.0
16,U18529,N27289,87,0,0.0988113135099411,0.1377343982458114,0.0,0.1841541677713394,0.0,0.0
16,U18529,N53861,88,0,0.0971558913588523,0.1778339445590973,0.0,0.0856531038880348,0.0,0.0
16,U18529,N28345,89,0,0.0937002003192901,0.2072709649801254,0.0,0.0021413275972008,0.0,0.0
16,U18529,N9000,90,0,0.0935840979218483,0.1920916587114334,0.0,0.0,0.0714285671710968,0.0
16,U18529,N60799,91,0,0.0929904505610466,0.1790461093187332,0.0,0.0620985031127929,0.0,0.0
16,U18529,N32237,92,0,0.0923068895936012,0.1844949126243591,0.0,0.0107066379860043,0.0714285671710968,0.0
16,U18529,N34190,93,0,0.0861033871769905,0.1894374638795852,0.0,0.0042826551944017,0.0,0.0
16,U18529,N16118,94,0,0.0851193368434906,0.1339554190635681,0.0,0.1241970062255859,0.0,0.0
16,U18529,N59841,95,0,0.0839652940630912,0.1713623255491256,0.0,0.0342612415552139,0.0,0.0
16,U18529,N32536,96,0,0.0826543420553207,0.1836763173341751,0.0,0.0,0.0,0.0
16,U18529,N4241,97,0,0.0812528282403945,0.171996533870697,0.0,0.0192719474434852,0.0,0.0
16,U18529,N2235,98,0,0.0788460448384285,0.1523726135492324,0.0,0.0513918623328208,0.0,0.0
16,U18529,N64724,99,0,0.0754440799355506,0.1667018085718155,0.0,0.0021413275972008,0.0,0.0
16,U18529,N35693,100,0,0.0734728276729583,0.1632729470729828,0.0,0.0,0.0,0.0
16,U18529,N47781,101,0,0.0687571316957473,0.1527936309576034,0.0,0.0,0.0,0.0
16,U18529,N19643,102,0,0.0675456821918487,0.1501015126705169,0.0,0.0,0.0,0.0
16,U18529,N46976,103,0,0.0665909945964813,0.1479799896478653,0.0,0.0,0.0,0.0
16,U18529,N15817,104,0,0.063232235610485,0.1300473660230636,0.0,0.0235546045005321,0.0,0.0
16,U18529,N22978,105,0,0.0604318715631961,0.1181141287088394,0.0,0.0364025682210922,0.0,0.0
16,U18529,N15052,106,0,0.0594140142202377,0.1320311427116394,0.0,0.0,0.0,0.0
16,U18529,N19687,107,0,0.0521397776901721,0.1158661767840385,0.0,0.0,0.0,0.0
16,U18529,N44558,108,0,0.0502606108784675,0.1116902530193328,0.0,0.0,0.0,0.0
16,U18529,N61829,109,0,0.0489945374429225,0.1069733500480651,0.0,0.0042826551944017,0.0,0.0
16,U18529,N49554,110,0,0.046475950628519,0.1023281887173652,0.0,0.0021413275972008,0.0,0.0
16,U18529,N6645,111,0,0.0433609001338481,0.0906473472714424,0.0,0.0128479655832052,0.0,0.0
16,U18529,N10032,112,0,0.0368833765387535,0.0810113549232482,0.0,0.0021413275972008,0.0,0.0
16,U18529,N54277,113,0,0.0357492566108703,0.0635697767138481,0.0,0.0,0.0714285671710968,0.0
16,U18529,N32708,114,0,0.0331611707806587,0.0708363875746727,0.0,0.0064239827916026,0.0,0.0
16,U18529,N20036,115,0,0.0327473655343055,0.0537378974258899,0.0,0.0428265519440174,0.0,0.0
16,U18529,N35216,116,0,0.0313888788223266,0.0697530657052993,0.0,0.0,0.0,0.0
16,U18529,N36786,117,0,0.0235546045005321,0.0,0.0,0.1177730187773704,0.0,0.0
16,U18529,N13337,118,0,0.0181031450629234,0.0345190055668354,0.0,0.0128479655832052,0.0,0.0
17,U15905,N31958,1,1,0.7014285326004028,1.0,0.0,0.0071428567171096,1.0,1.0
17,U15905,N30290,2,0,0.6129011511802673,0.9175581336021424,0.0,1.0,0.0,0.0
17,U15905,N6638,3,0,0.4842979907989502,0.8539955615997314,0.0,0.0,1.0,0.0
17,U15905,N36779,4,0,0.3636007308959961,0.3460968136787414,0.0,0.1642857044935226,1.0,0.5
17,U15905,N20187,5,0,0.3565010130405426,0.7922244668006897,0.0,0.0,0.0,0.0
17,U15905,N20036,6,0,0.3548575043678283,0.7250801920890808,0.0,0.1428571343421936,0.0,0.0
17,U15905,N42844,7,0,0.351603239774704,0.7813405394554138,0.0,0.0,0.0,0.0
17,U15905,N5940,8,0,0.2029794752597808,0.4415417015552521,0.0,0.021428570151329,0.0,0.0
17,U15905,N32536,9,0,0.1308461129665374,0.2907691597938537,0.0,0.0,0.0,0.0
17,U15905,N13408,10,0,0.1104476004838943,0.134328007698059,0.0,0.0,0.5,0.0
17,U15905,N46976,11,0,0.1048749312758445,0.2330554127693176,0.0,0.0,0.0,0.0
17,U15905,N35216,12,0,0.0,0.0,0.0,0.0,0.0,0.0
18,U67590,N53717,1,0,0.6804397106170654,0.9565327763557434,0.0,0.0,1.0,1.0
18,U67590,N3417,2,0,0.6124619245529175,0.805470883846283,0.0,0.0,1.0,1.0
18,U67590,N24802,3,0,0.4962397515773773,0.5471994280815125,0.0,0.0,1.0,1.0
18,U67590,N6400,4,0,0.449999988079071,1.0,0.0,0.0,0.0,0.0
18,U67590,N6247,5,0,0.4324885010719299,0.7388633489608765,0.0,0.0,1.0,0.0
18,U67590,N926,6,0,0.4225369691848755,0.291946679353714,0.0,0.2058047503232956,1.0,1.0
18,U67590,N3841,7,0,0.3926847577095032,0.4281883239746094,0.0,1.0,0.0,0.0
18,U67590,N21681,8,0,0.3799657523632049,0.6221461296081543,0.0,0.0,1.0,0.0
18,U67590,N38324,9,0,0.3639479279518127,0.5865510106086731,0.0,0.0,1.0,0.0
18,U67590,N23044,10,0,0.3626171350479126,0.8058158755302429,0.0,0.0,0.0,0.0
18,U67590,N42988,11,0,0.3618104755878448,0.5818010568618774,0.0,0.0,1.0,0.0
18,U67590,N40875,12,0,0.3591234385967254,0.5758298635482788,0.0,0.0,1.0,0.0
18,U67590,N6074,13,0,0.3569663465023041,0.7909131646156311,0.0,0.005277045071125,0.0,0.0
18,U67590,N29091,14,0,0.3531096577644348,0.5624659657478333,0.0,0.0,1.0,0.0
18,U67590,N52850,15,0,0.3286987245082855,0.5082194209098816,0.0,0.0,1.0,0.0
18,U67590,N35676,16,0,0.322926253080368,0.717613935470581,0.0,0.0,0.0,0.0
18,U67590,N13974,17,0,0.301181435585022,0.6235576868057251,0.0,0.1029023751616478,0.0,0.0
18,U67590,N55396,18,0,0.2793787717819214,0.6208417415618896,0.0,0.0,0.0,0.0
18,U67590,N15347,19,0,0.2743457853794098,0.6096572875976562,0.0,0.0,0.0,0.0
18,U67590,N11930,20,0,0.2737142145633697,0.6012177467346191,0.0,0.015831135213375,0.0,0.0
18,U67590,N8373,21,0,0.2689103782176971,0.3513165116310119,0.0,0.5540897250175476,0.0,0.0
18,U67590,N24460,22,0,0.2613256871700287,0.580723762512207,0.0,0.0,0.0,0.0
18,U67590,N52492,23,0,0.2588915228843689,0.3530922830104828,0.0,0.0,1.0,0.0
18,U67590,N2844,24,0,0.2468032985925674,0.5484517812728882,0.0,0.0,0.0,0.0
18,U67590,N57023,25,0,0.2434163093566894,0.540925145149231,0.0,0.0,0.0,0.0
18,U67590,N48740,26,0,0.2399642020463943,0.5332537889480591,0.0,0.0,0.0,0.0
18,U67590,N7342,27,0,0.2122516483068466,0.4681523144245147,0.0,0.0079155676066875,0.0,0.0
18,U67590,N28589,28,0,0.207088366150856,0.4601963758468628,0.0,0.0,0.0,0.0
18,U67590,N58656,29,0,0.2031264752149582,0.4267659485340118,0.0,0.0554089695215225,0.0,0.0
18,U67590,N61197,30,0,0.1980519890785217,0.2178932875394821,0.0,0.0,1.0,0.0
18,U67590,N54752,31,0,0.1948973685503006,0.3463272154331207,0.0,0.1952506601810455,0.0,0.0
18,U67590,N28345,32,0,0.187382087111473,0.4152319729328155,0.0,0.0026385225355625,0.0,0.0
18,U67590,N2541,33,0,0.1855617016553878,0.412359356880188,0.0,0.0,0.0,0.0
18,U67590,N41073,34,0,0.1802040040493011,0.1770584434270858,0.0,0.0026385225355625,1.0,0.0
18,U67590,N53572,35,0,0.149423748254776,0.3320527970790863,0.0,0.0,0.0,0.0
18,U67590,N4442,36,0,0.1480002850294113,0.3288895189762115,0.0,0.0,0.0,0.0
18,U67590,N31679,37,0,0.1453679054975509,0.2538518905639648,0.0,0.1556728184223175,0.0,0.0
18,U67590,N51008,38,1,0.1419951468706131,0.3155447840690613,0.0,0.0,0.0,0.0
18,U67590,N6950,39,0,0.1263264566659927,0.0585032403469085,0.0,0.0,1.0,0.0
18,U67590,N29862,40,0,0.1229543909430503,0.2732319831848144,0.0,0.0,0.0,0.0
18,U67590,N3168,41,0,0.1177112609148025,0.2615805864334106,0.0,0.0,0.0,0.0
18,U67590,N17647,42,0,0.115009568631649,0.2555768191814422,0.0,0.0,0.0,0.0
18,U67590,N15066,43,0,0.1074108779430389,0.2386908531188964,0.0,0.0,0.0,0.0
18,U67590,N34044,44,0,0.1070303171873092,0.2378451526165008,0.0,0.0,0.0,0.0
18,U67590,N9580,45,0,0.1030642464756965,0.2290316671133041,0.0,0.0,0.0,0.0
18,U67590,N57764,46,0,0.0881706476211547,0.195934772491455,0.0,0.0,0.0,0.0
18,U67590,N58748,47,0,0.0839220359921455,0.1818027198314666,0.0,0.01055409014225,0.0,0.0
18,U67590,N8941,48,0,0.0781902819871902,0.172583520412445,0.0,0.0026385225355625,0.0,0.0
18,U67590,N1952,49,0,0.0732350870966911,0.1088015213608741,0.0,0.1213720291852951,0.0,0.0
18,U67590,N44558,50,0,0.0629652589559555,0.1399227976799011,0.0,0.0,0.0,0.0
18,U67590,N32708,51,0,0.050856739282608,0.1094969436526298,0.0,0.0079155676066875,0.0,0.0
18,U67590,N4331,52,0,0.0108363265171647,0.0240807253867387,0.0,0.0,0.0,0.0
18,U67590,N60215,53,0,0.0,0.0,0.0,0.0,0.0,0.0
19,U8181,N31958,1,0,0.7999998331069946,1.0,0.0,0.499998927116394,1.0,1.0
19,U8181,N5472,2,0,0.538622260093689,0.6413828730583191,0.0,0.0,1.0,1.0
19,U8181,N6400,3,1,0.2883348166942596,0.4185217916965484,0.0,0.0,1.0,0.0
19,U8181,N6074,4,0,0.2626492977142334,0.139221653342247,0.0,0.999997854232788,0.0,0.0
19,U8181,N24802,5,0,0.2050544768571853,0.4201210737228393,0.0,0.0,0.1600000113248825,0.0
19,U8181,N34130,6,0,0.2012864500284195,0.4086921215057373,0.0,0.0,0.0800000056624412,0.0625
19,U8181,N55237,7,0,0.1789035052061081,0.3975633680820465,0.0,0.0,0.0,0.0
19,U8181,N53572,8,0,0.1759273409843444,0.3315052092075348,0.0,0.0,0.0800000056624412,0.125
19,U8181,N29862,9,0,0.1092526540160179,0.2250058948993683,0.0,0.0,0.0800000056624412,0.0
19,U8181,N19611,10,0,0.0768991559743881,0.1708870232105255,0.0,0.0,0.0,0.0
19,U8181,N60215,11,0,0.046962521970272,0.1043611615896225,0.0,0.0,0.0,0.0
19,U8181,N51470,12,0,0.0194792915135622,0.0432873144745826,0.0,0.0,0.0,0.0
19,U8181,N48740,13,0,0.017623171210289,0.0213848240673542,0.0,0.0,0.0800000056624412,0.0
19,U8181,N29091,14,0,0.0160000007599592,0.0,0.0,0.0,0.1600000113248825,0.0
21,U1987,N55237,1,0,0.449999988079071,1.0,0.0,0.0,0.0,0.0
21,U1987,N36779,2,0,0.4218277335166931,0.6421568989753723,0.0,0.1642857044935226,1.0,0.0
21,U1987,N30290,3,0,0.3650990724563598,0.3668868541717529,0.0,1.0,0.0,0.0
21,U1987,N19990,4,0,0.3064443469047546,0.6809874773025513,0.0,0.0,0.0,0.0
21,U1987,N5472,5,0,0.3040530681610107,0.6756734848022461,0.0,0.0,0.0,0.0
21,U1987,N20036,6,0,0.264187753200531,0.5235918164253235,0.0,0.1428571343421936,0.0,0.0
21,U1987,N53572,7,0,0.2428388893604278,0.5396419763565063,0.0,0.0,0.0,0.0
21,U1987,N62365,8,1,0.2427745908498764,0.5394991040229797,0.0,0.0,0.0,0.0
21,U1987,N49285,9,0,0.2326762676239013,0.5170583724975586,0.0,0.0,0.0,0.0
21,U1987,N31958,10,0,0.2285363227128982,0.5046839118003845,0.0,0.0071428567171096,0.0,0.0
21,U1987,N5940,11,0,0.1616109758615493,0.3496117293834686,0.0,0.021428570151329,0.0,0.0
21,U1987,N50775,12,0,0.1133428215980529,0.0296507086604833,0.0,0.0,1.0,0.0
21,U1987,N13408,13,0,0.0,0.0,0.0,0.0,0.0,0.0
22,U36076,N30290,1,0,1.0,0.0,0.0,1.0,0.0,0.0
22,U36076,N36779,2,0,0.1642857044935226,0.0,0.0,0.1642857044935226,0.0,0.0
22,U36076,N20036,3,0,0.1428571343421936,0.0,0.0,0.1428571343421936,0.0,0.0
22,U36076,N5940,4,0,0.021428570151329,0.0,0.0,0.021428570151329,0.0,0.0
22,U36076,N31958,5,0,0.0071428567171096,0.0,0.0,0.0071428567171096,0.0,0.0
22,U36076,N32536,6,1,0.0,0.0,0.0,0.0,0.0,0.0
